<?xml version="1.0" encoding="UTF-8"?>
<project-private xmlns="http://www.netbeans.org/ns/project-private/1">
    <editor-bookmarks xmlns="http://www.netbeans.org/ns/editor-bookmarks/2" lastBookmarkId="0"/>
    <open-files xmlns="http://www.netbeans.org/ns/projectui-open-files/2">
        <group name="JAVA">
            <file>file:/home/monica/NetBeansProjects/JAVA/Lotteria_Base/src/lotteria/Lotteria.java</file>
            <file>file:/home/monica/NetBeansProjects/JAVA/Lotteria_Base/src/lotteria/Estrazione.java</file>
            <file>file:/home/monica/NetBeansProjects/JAVA/Lotteria_Base/src/lotteria/Giocatore.java</file>
        </group>
    </open-files>
</project-private>
